{
    "$schema": "https://schema.management.azure.com/schemas/2015-01-01/deploymentTemplate.json#",
    "contentVersion": "1.0.0.0",
    "parameters": {
        "accounts_chatbott_name": {
            "defaultValue": "chatbott",
            "type": "String"
        }
    },
    "variables": {},
    "resources": [
        {
            "type": "Microsoft.CognitiveServices/accounts",
            "apiVersion": "2017-04-18",
            "name": "[parameters('accounts_chatbott_name')]",
            "location": "westus",
            "sku": {
                "name": "F0"
            },
            "kind": "QnAMaker",
            "properties": {
                "apiProperties": {
                    "qnaRuntimeEndpoint": "[concat('https://', parameters('accounts_chatbott_name'), 'e.azurewebsites.net')]"
                },
                "customSubDomainName": "[parameters('accounts_chatbott_name')]",
                "privateEndpointConnections": [],
                "publicNetworkAccess": "Enabled"
            }
        }
    ]
}