{
    "$schema": "https://schema.management.azure.com/schemas/2015-01-01/deploymentParameters.json#",
    "contentVersion": "1.0.0.0",
    "parameters": {
        "channels_WebChatChannel_enablePreview": {
            "value": null
        },
        "sites_chatbotte_name": {
            "value": null
        },
        "sites_chatbotte_bot_name": {
            "value": null
        },
        "serverfarms_chatbott_name": {
            "value": null
        },
        "accounts_TES_name": {
            "value": null
        },
        "components_chatbott_ai_name": {
            "value": null
        },
        "accounts_chatbott_name": {
            "value": null
        },
        "botServices_chatbotte_bot_name": {
            "value": null
        },
        "components_chatbotte_boty3fxh6_name": {
            "value": null
        },
        "searchServices_chatbotte_askochnrydgl2uk_name": {
            "value": null
        },
        "actionGroups_Application_Insights_Smart_Detection_name": {
            "value": null
        }
    }
}