{
    "$schema": "https://schema.management.azure.com/schemas/2015-01-01/deploymentTemplate.json#",
    "contentVersion": "1.0.0.0",
    "parameters": {
        "channels_WebChatChannel_enablePreview": {
            "type": "Bool"
        },
        "sites_chatbotte_name": {
            "defaultValue": "chatbotte",
            "type": "String"
        },
        "sites_chatbotte_bot_name": {
            "defaultValue": "chatbotte-bot",
            "type": "String"
        },
        "serverfarms_chatbott_name": {
            "defaultValue": "chatbott",
            "type": "String"
        },
        "accounts_TES_name": {
            "defaultValue": "TES",
            "type": "String"
        },
        "components_chatbott_ai_name": {
            "defaultValue": "chatbott-ai",
            "type": "String"
        },
        "accounts_chatbott_name": {
            "defaultValue": "chatbott",
            "type": "String"
        },
        "botServices_chatbotte_bot_name": {
            "defaultValue": "chatbotte-bot",
            "type": "String"
        },
        "components_chatbotte_boty3fxh6_name": {
            "defaultValue": "chatbotte-boty3fxh6",
            "type": "String"
        },
        "searchServices_chatbotte_askochnrydgl2uk_name": {
            "defaultValue": "chatbotte-askochnrydgl2uk",
            "type": "String"
        },
        "actionGroups_Application_Insights_Smart_Detection_name": {
            "defaultValue": "Application Insights Smart Detection",
            "type": "String"
        }
    },
    "variables": {},
    "resources": [
        {
            "type": "Microsoft.BotService/botServices",
            "apiVersion": "2018-07-12",
            "name": "[parameters('botServices_chatbotte_bot_name')]",
            "location": "global",
            "sku": {
                "name": "S1"
            },
            "kind": "sdk",
            "properties": {
                "displayName": "[parameters('botServices_chatbotte_bot_name')]",
                "iconUrl": "https://docs.botframework.com/static/devportal/client/images/bot-framework-default.png",
                "endpoint": "[concat('https://', parameters('botServices_chatbotte_bot_name'), '.azurewebsites.net/api/messages')]",
                "msaAppId": "4259790a-b805-4da0-ac9a-5b27fcde4fb0",
                "developerAppInsightKey": "3abed925-4911-4177-9d30-51830cc4bfdb",
                "developerAppInsightsApplicationId": "14793723-54aa-4412-a4fc-534407c30c30",
                "luisAppIds": []
            }
        },
        {
            "type": "Microsoft.CognitiveServices/accounts",
            "apiVersion": "2017-04-18",
            "name": "[parameters('accounts_chatbott_name')]",
            "location": "westus",
            "sku": {
                "name": "F0"
            },
            "kind": "QnAMaker",
            "properties": {
                "apiProperties": {
                    "qnaRuntimeEndpoint": "[concat('https://', parameters('accounts_chatbott_name'), 'e.azurewebsites.net')]"
                },
                "customSubDomainName": "[parameters('accounts_chatbott_name')]",
                "privateEndpointConnections": [],
                "publicNetworkAccess": "Enabled"
            }
        },
        {
            "type": "Microsoft.CognitiveServices/accounts",
            "apiVersion": "2017-04-18",
            "name": "[parameters('accounts_TES_name')]",
            "location": "westus",
            "sku": {
                "name": "F0"
            },
            "kind": "LUIS.Authoring",
            "properties": {
                "privateEndpointConnections": [],
                "publicNetworkAccess": "Enabled"
            }
        },
        {
            "type": "microsoft.insights/actionGroups",
            "apiVersion": "2019-03-01",
            "name": "[parameters('actionGroups_Application_Insights_Smart_Detection_name')]",
            "location": "Global",
            "properties": {
                "groupShortName": "SmartDetect",
                "enabled": true,
                "emailReceivers": [],
                "smsReceivers": [],
                "webhookReceivers": [],
                "itsmReceivers": [],
                "azureAppPushReceivers": [],
                "automationRunbookReceivers": [],
                "voiceReceivers": [],
                "logicAppReceivers": [],
                "azureFunctionReceivers": []
            }
        },
        {
            "type": "microsoft.insights/components",
            "apiVersion": "2018-05-01-preview",
            "name": "[parameters('components_chatbott_ai_name')]",
            "location": "westus",
            "tags": {
                "hidden-link:/subscriptions/b1e936da-1eb5-4981-bc6c-4cf8fb1bfbc5/resourceGroups/chatbott/providers/Microsoft.Web/sites/chatbotte": "Resource"
            },
            "kind": "web",
            "properties": {
                "Application_Type": "web",
                "RetentionInDays": 90,
                "publicNetworkAccessForIngestion": "Enabled",
                "publicNetworkAccessForQuery": "Enabled"
            }
        },
        {
            "type": "microsoft.insights/components",
            "apiVersion": "2018-05-01-preview",
            "name": "[parameters('components_chatbotte_boty3fxh6_name')]",
            "location": "eastus",
            "tags": {
                "hidden-link:/subscriptions/b1e936da-1eb5-4981-bc6c-4cf8fb1bfbc5/resourceGroups/chatbott/providers/Microsoft.BotService/botServices/chatbotte-bot": "Resource",
                "hidden-link:/subscriptions/b1e936da-1eb5-4981-bc6c-4cf8fb1bfbc5/resourceGroups/chatbott/providers/Microsoft.Web/sites/chatbotte-bot": "Resource"
            },
            "kind": "web",
            "properties": {
                "Application_Type": "web",
                "RetentionInDays": 90,
                "publicNetworkAccessForIngestion": "Enabled",
                "publicNetworkAccessForQuery": "Enabled"
            }
        },
        {
            "type": "Microsoft.Search/searchServices",
            "apiVersion": "2020-08-01",
            "name": "[parameters('searchServices_chatbotte_askochnrydgl2uk_name')]",
            "location": "West Central US",
            "sku": {
                "name": "free"
            },
            "properties": {
                "replicaCount": 1,
                "partitionCount": 1,
                "hostingMode": "Default",
                "publicNetworkAccess": "Enabled",
                "networkRuleSet": {
                    "ipRules": []
                }
            }
        },
        {
            "type": "Microsoft.Web/serverfarms",
            "apiVersion": "2018-02-01",
            "name": "[parameters('serverfarms_chatbott_name')]",
            "location": "West US",
            "sku": {
                "name": "S1",
                "tier": "Standard",
                "size": "S1",
                "family": "S",
                "capacity": 1
            },
            "kind": "app",
            "properties": {
                "perSiteScaling": false,
                "maximumElasticWorkerCount": 1,
                "isSpot": false,
                "reserved": false,
                "isXenon": false,
                "hyperV": false,
                "targetWorkerCount": 0,
                "targetWorkerSizeId": 0
            }
        },
        {
            "type": "Microsoft.BotService/botServices/channels",
            "apiVersion": "2018-07-12",
            "name": "[concat(parameters('botServices_chatbotte_bot_name'), '/LineChannel')]",
            "location": "global",
            "dependsOn": [
                "[resourceId('Microsoft.BotService/botServices', parameters('botServices_chatbotte_bot_name'))]"
            ],
            "properties": {}
        },
        {
            "type": "Microsoft.BotService/botServices/channels",
            "apiVersion": "2018-07-12",
            "name": "[concat(parameters('botServices_chatbotte_bot_name'), '/WebChatChannel')]",
            "location": "global",
            "dependsOn": [
                "[resourceId('Microsoft.BotService/botServices', parameters('botServices_chatbotte_bot_name'))]"
            ],
            "properties": {
                "properties": {
                    "sites": [
                        {
                            "siteName": "Default Site",
                            "isEnabled": true,
                            "enablePreview": "[parameters('channels_WebChatChannel_enablePreview')]"
                        }
                    ]
                },
                "channelName": "WebChatChannel"
            }
        },
        {
            "type": "Microsoft.Web/sites",
            "apiVersion": "2018-11-01",
            "name": "[parameters('sites_chatbotte_name')]",
            "location": "West US",
            "dependsOn": [
                "[resourceId('Microsoft.Web/serverfarms', parameters('serverfarms_chatbott_name'))]"
            ],
            "tags": {
                "hidden-related:/subscriptions/b1e936da-1eb5-4981-bc6c-4cf8fb1bfbc5/resourcegroups/chatbott/providers/Microsoft.Web/serverfarms/chatbott": "empty"
            },
            "kind": "app",
            "properties": {
                "enabled": true,
                "hostNameSslStates": [
                    {
                        "name": "[concat(parameters('sites_chatbotte_name'), '.azurewebsites.net')]",
                        "sslState": "Disabled",
                        "hostType": "Standard"
                    },
                    {
                        "name": "[concat(parameters('sites_chatbotte_name'), '.scm.azurewebsites.net')]",
                        "sslState": "Disabled",
                        "hostType": "Repository"
                    }
                ],
                "serverFarmId": "[resourceId('Microsoft.Web/serverfarms', parameters('serverfarms_chatbott_name'))]",
                "reserved": false,
                "isXenon": false,
                "hyperV": false,
                "siteConfig": {},
                "scmSiteAlsoStopped": false,
                "clientAffinityEnabled": true,
                "clientCertEnabled": false,
                "hostNamesDisabled": false,
                "containerSize": 0,
                "dailyMemoryTimeQuota": 0,
                "httpsOnly": false,
                "redundancyMode": "None"
            }
        },
        {
            "type": "Microsoft.Web/sites",
            "apiVersion": "2018-11-01",
            "name": "[parameters('sites_chatbotte_bot_name')]",
            "location": "West US",
            "dependsOn": [
                "[resourceId('Microsoft.Web/serverfarms', parameters('serverfarms_chatbott_name'))]"
            ],
            "kind": "app",
            "properties": {
                "enabled": true,
                "hostNameSslStates": [
                    {
                        "name": "[concat(parameters('sites_chatbotte_bot_name'), '.azurewebsites.net')]",
                        "sslState": "Disabled",
                        "hostType": "Standard"
                    },
                    {
                        "name": "[concat(parameters('sites_chatbotte_bot_name'), '.scm.azurewebsites.net')]",
                        "sslState": "Disabled",
                        "hostType": "Repository"
                    }
                ],
                "serverFarmId": "[resourceId('Microsoft.Web/serverfarms', parameters('serverfarms_chatbott_name'))]",
                "reserved": false,
                "isXenon": false,
                "hyperV": false,
                "siteConfig": {},
                "scmSiteAlsoStopped": false,
                "clientAffinityEnabled": true,
                "clientCertEnabled": false,
                "hostNamesDisabled": false,
                "containerSize": 0,
                "dailyMemoryTimeQuota": 0,
                "httpsOnly": false,
                "redundancyMode": "None"
            }
        },
        {
            "type": "Microsoft.Web/sites/config",
            "apiVersion": "2018-11-01",
            "name": "[concat(parameters('sites_chatbotte_name'), '/web')]",
            "location": "West US",
            "dependsOn": [
                "[resourceId('Microsoft.Web/sites', parameters('sites_chatbotte_name'))]"
            ],
            "tags": {
                "hidden-related:/subscriptions/b1e936da-1eb5-4981-bc6c-4cf8fb1bfbc5/resourcegroups/chatbott/providers/Microsoft.Web/serverfarms/chatbott": "empty"
            },
            "properties": {
                "numberOfWorkers": 1,
                "defaultDocuments": [
                    "Default.htm",
                    "Default.html",
                    "Default.asp",
                    "index.htm",
                    "index.html",
                    "iisstart.htm",
                    "default.aspx",
                    "index.php",
                    "hostingstart.html"
                ],
                "netFrameworkVersion": "v4.0",
                "phpVersion": "5.6",
                "requestTracingEnabled": false,
                "remoteDebuggingEnabled": false,
                "httpLoggingEnabled": false,
                "logsDirectorySizeLimit": 35,
                "detailedErrorLoggingEnabled": false,
                "publishingUsername": "$chatbotte",
                "azureStorageAccounts": {},
                "scmType": "None",
                "use32BitWorkerProcess": true,
                "webSocketsEnabled": false,
                "alwaysOn": false,
                "managedPipelineMode": "Integrated",
                "virtualApplications": [
                    {
                        "virtualPath": "/",
                        "physicalPath": "site\\wwwroot",
                        "preloadEnabled": false
                    }
                ],
                "loadBalancing": "LeastRequests",
                "experiments": {
                    "rampUpRules": []
                },
                "autoHealEnabled": false,
                "cors": {
                    "allowedOrigins": [
                        "*"
                    ],
                    "supportCredentials": false
                },
                "localMySqlEnabled": false,
                "ipSecurityRestrictions": [
                    {
                        "ipAddress": "Any",
                        "action": "Allow",
                        "priority": 1,
                        "name": "Allow all",
                        "description": "Allow all access"
                    }
                ],
                "scmIpSecurityRestrictions": [
                    {
                        "ipAddress": "Any",
                        "action": "Allow",
                        "priority": 1,
                        "name": "Allow all",
                        "description": "Allow all access"
                    }
                ],
                "scmIpSecurityRestrictionsUseMain": false,
                "http20Enabled": false,
                "minTlsVersion": "1.2",
                "ftpsState": "AllAllowed",
                "reservedInstanceCount": 0
            }
        },
        {
            "type": "Microsoft.Web/sites/config",
            "apiVersion": "2018-11-01",
            "name": "[concat(parameters('sites_chatbotte_bot_name'), '/web')]",
            "location": "West US",
            "dependsOn": [
                "[resourceId('Microsoft.Web/sites', parameters('sites_chatbotte_bot_name'))]"
            ],
            "properties": {
                "numberOfWorkers": 1,
                "defaultDocuments": [
                    "Default.htm",
                    "Default.html",
                    "Default.asp",
                    "index.htm",
                    "index.html",
                    "iisstart.htm",
                    "default.aspx",
                    "index.php",
                    "hostingstart.html"
                ],
                "netFrameworkVersion": "v4.0",
                "phpVersion": "5.6",
                "requestTracingEnabled": false,
                "remoteDebuggingEnabled": false,
                "httpLoggingEnabled": false,
                "logsDirectorySizeLimit": 35,
                "detailedErrorLoggingEnabled": false,
                "publishingUsername": "$chatbotte-bot",
                "azureStorageAccounts": {},
                "scmType": "None",
                "use32BitWorkerProcess": true,
                "webSocketsEnabled": true,
                "alwaysOn": false,
                "managedPipelineMode": "Integrated",
                "virtualApplications": [
                    {
                        "virtualPath": "/",
                        "physicalPath": "site\\wwwroot",
                        "preloadEnabled": false
                    }
                ],
                "loadBalancing": "LeastRequests",
                "experiments": {
                    "rampUpRules": []
                },
                "autoHealEnabled": false,
                "cors": {
                    "allowedOrigins": [
                        "https://portal.azure.com",
                        "https://botservice.hosting.portal.azure.net",
                        "https://botservice-ms.hosting.portal.azure.net",
                        "https://hosting.onecloud.azure-test.net/"
                    ],
                    "supportCredentials": false
                },
                "localMySqlEnabled": false,
                "ipSecurityRestrictions": [
                    {
                        "ipAddress": "Any",
                        "action": "Allow",
                        "priority": 1,
                        "name": "Allow all",
                        "description": "Allow all access"
                    }
                ],
                "scmIpSecurityRestrictions": [
                    {
                        "ipAddress": "Any",
                        "action": "Allow",
                        "priority": 1,
                        "name": "Allow all",
                        "description": "Allow all access"
                    }
                ],
                "scmIpSecurityRestrictionsUseMain": false,
                "http20Enabled": false,
                "minTlsVersion": "1.2",
                "ftpsState": "AllAllowed",
                "reservedInstanceCount": 0
            }
        },
        {
            "type": "Microsoft.Web/sites/hostNameBindings",
            "apiVersion": "2018-11-01",
            "name": "[concat(parameters('sites_chatbotte_name'), '/', parameters('sites_chatbotte_name'), '.azurewebsites.net')]",
            "location": "West US",
            "dependsOn": [
                "[resourceId('Microsoft.Web/sites', parameters('sites_chatbotte_name'))]"
            ],
            "properties": {
                "siteName": "chatbotte",
                "hostNameType": "Verified"
            }
        },
        {
            "type": "Microsoft.Web/sites/hostNameBindings",
            "apiVersion": "2018-11-01",
            "name": "[concat(parameters('sites_chatbotte_bot_name'), '/', parameters('sites_chatbotte_bot_name'), '.azurewebsites.net')]",
            "location": "West US",
            "dependsOn": [
                "[resourceId('Microsoft.Web/sites', parameters('sites_chatbotte_bot_name'))]"
            ],
            "properties": {
                "siteName": "chatbotte-bot",
                "hostNameType": "Verified"
            }
        }
    ]
}