{
    "$schema": "https://schema.management.azure.com/schemas/2015-01-01/deploymentTemplate.json#",
    "contentVersion": "1.0.0.0",
    "parameters": {
        "sites_chatbotte_bot_name": {
            "defaultValue": "chatbotte-bot",
            "type": "String"
        },
        "serverfarms_chatbott_externalid": {
            "defaultValue": "/subscriptions/b1e936da-1eb5-4981-bc6c-4cf8fb1bfbc5/resourceGroups/chatbott/providers/Microsoft.Web/serverfarms/chatbott",
            "type": "String"
        }
    },
    "variables": {},
    "resources": [
        {
            "type": "Microsoft.Web/sites",
            "apiVersion": "2018-11-01",
            "name": "[parameters('sites_chatbotte_bot_name')]",
            "location": "West US",
            "kind": "app",
            "properties": {
                "enabled": true,
                "hostNameSslStates": [
                    {
                        "name": "[concat(parameters('sites_chatbotte_bot_name'), '.azurewebsites.net')]",
                        "sslState": "Disabled",
                        "hostType": "Standard"
                    },
                    {
                        "name": "[concat(parameters('sites_chatbotte_bot_name'), '.scm.azurewebsites.net')]",
                        "sslState": "Disabled",
                        "hostType": "Repository"
                    }
                ],
                "serverFarmId": "[parameters('serverfarms_chatbott_externalid')]",
                "reserved": false,
                "isXenon": false,
                "hyperV": false,
                "siteConfig": {},
                "scmSiteAlsoStopped": false,
                "clientAffinityEnabled": true,
                "clientCertEnabled": false,
                "hostNamesDisabled": false,
                "containerSize": 0,
                "dailyMemoryTimeQuota": 0,
                "httpsOnly": false,
                "redundancyMode": "None"
            }
        },
        {
            "type": "Microsoft.Web/sites/config",
            "apiVersion": "2018-11-01",
            "name": "[concat(parameters('sites_chatbotte_bot_name'), '/web')]",
            "location": "West US",
            "dependsOn": [
                "[resourceId('Microsoft.Web/sites', parameters('sites_chatbotte_bot_name'))]"
            ],
            "properties": {
                "numberOfWorkers": 1,
                "defaultDocuments": [
                    "Default.htm",
                    "Default.html",
                    "Default.asp",
                    "index.htm",
                    "index.html",
                    "iisstart.htm",
                    "default.aspx",
                    "index.php",
                    "hostingstart.html"
                ],
                "netFrameworkVersion": "v4.0",
                "phpVersion": "5.6",
                "requestTracingEnabled": false,
                "remoteDebuggingEnabled": false,
                "httpLoggingEnabled": false,
                "logsDirectorySizeLimit": 35,
                "detailedErrorLoggingEnabled": false,
                "publishingUsername": "$chatbotte-bot",
                "azureStorageAccounts": {},
                "scmType": "None",
                "use32BitWorkerProcess": true,
                "webSocketsEnabled": true,
                "alwaysOn": false,
                "managedPipelineMode": "Integrated",
                "virtualApplications": [
                    {
                        "virtualPath": "/",
                        "physicalPath": "site\\wwwroot",
                        "preloadEnabled": false
                    }
                ],
                "loadBalancing": "LeastRequests",
                "experiments": {
                    "rampUpRules": []
                },
                "autoHealEnabled": false,
                "cors": {
                    "allowedOrigins": [
                        "https://portal.azure.com",
                        "https://botservice.hosting.portal.azure.net",
                        "https://botservice-ms.hosting.portal.azure.net",
                        "https://hosting.onecloud.azure-test.net/"
                    ],
                    "supportCredentials": false
                },
                "localMySqlEnabled": false,
                "ipSecurityRestrictions": [
                    {
                        "ipAddress": "Any",
                        "action": "Allow",
                        "priority": 1,
                        "name": "Allow all",
                        "description": "Allow all access"
                    }
                ],
                "scmIpSecurityRestrictions": [
                    {
                        "ipAddress": "Any",
                        "action": "Allow",
                        "priority": 1,
                        "name": "Allow all",
                        "description": "Allow all access"
                    }
                ],
                "scmIpSecurityRestrictionsUseMain": false,
                "http20Enabled": false,
                "minTlsVersion": "1.2",
                "ftpsState": "AllAllowed",
                "reservedInstanceCount": 0
            }
        },
        {
            "type": "Microsoft.Web/sites/hostNameBindings",
            "apiVersion": "2018-11-01",
            "name": "[concat(parameters('sites_chatbotte_bot_name'), '/', parameters('sites_chatbotte_bot_name'), '.azurewebsites.net')]",
            "location": "West US",
            "dependsOn": [
                "[resourceId('Microsoft.Web/sites', parameters('sites_chatbotte_bot_name'))]"
            ],
            "properties": {
                "siteName": "chatbotte-bot",
                "hostNameType": "Verified"
            }
        }
    ]
}